rank,city,state,2020_census,2010_census,percent_change,land_area_mi,land_area_km,pop_density_mi,pop_density_km,degrees_north,degrees_west
1,New York,New York,8804190,8175133,7.69,300.5,778.3,29298,11312,40.66,73.93
2,Los Angeles,California,3898747,3792621,2.8,469.5,1216,8304,3206,34.01,118.41
3,Chicago,Illinois,2746388,2695598,1.88,227.7,589.7,12061,4657,41.83,87.68
4,Houston,Texas,2304580,2099451,9.77,640.4,1658.6,3599,1390,29.78,95.39
5,Phoenix,Arizona,1608139,1445632,11.24,518,1341.6,3105,1199,33.57,112.09
6,Philadelphia,Pennsylvania,1603797,1526006,5.1,134.4,348.1,11933,4607,40,75.13
7,San Antonio,Texas,1434625,1327407,8.08,498.8,1291.9,2876,1110,29.47,98.52
8,San Diego,California,1386932,1307402,6.08,325.9,844.1,4256,1643,32.81,117.13
9,Dallas,Texas,1304379,1197816,8.9,339.6,879.6,3841,1483,32.79,96.76
10,San Jose,California,1013240,945942,7.11,178.3,461.8,5683,2194,37.29,121.81
11,Austin,Texas,961855,790390,21.69,319.9,828.5,3007,1161,30.3,97.75
12,Jacksonville,Florida,949611,821784,15.55,747.3,1935.5,1271,491,30.33,81.66
13,Fort Worth,Texas,918915,741206,23.98,342.9,888.1,2646,1022,32.78,97.34
14,Columbus,Ohio,905748,787033,15.08,220,569.8,4117,1590,39.98,82.98
15,Indianapolis,Indiana,887642,820445,8.19,361.6,936.5,2455,948,39.77,86.14
16,Charlotte,North Carolina,874579,731424,19.57,308.3,798.5,2837,1095,35.2,80.83
17,San Francisco,California,873965,805235,8.54,46.9,121.5,18635,7195,37.72,123.03
18,Seattle,Washington,737015,608660,21.09,83.8,217,8795,3396,47.62,122.35
19,Denver,Colorado,715522,600158,19.22,153.1,396.5,4674,1805,39.76,104.88
20,Washington,District of Columbia,689545,601723,14.6,61.1,158.2,11286,4358,38.9,77.01
21,Nashville,Tennessee,689447,601222,14.67,475.8,1232.3,1449,559,36.17,86.78
22,Oklahoma City,Oklahoma,681054,579999,17.42,606.2,1570.1,1123,434,35.46,97.51
23,El Paso,Texas,678815,649121,4.57,258.4,669.3,2627,1014,31.84,106.42
24,Boston,Massachusetts,675647,617594,9.4,48.3,125.1,13989,5401,42.33,71.02
25,Portland,Oregon,652503,583776,11.77,133.5,345.8,4888,1887,45.53,122.65
26,Las Vegas,Nevada,641903,583756,9.96,141.8,367.3,4527,1748,36.22,115.26
27,Detroit,Michigan,639111,713777,10.46,138.7,359.2,4608,1779,42.38,83.1
28,Memphis,Tennessee,633104,646889,2.13,297,769.2,2132,823,35.1,89.97
29,Louisville,Kentucky,633045,597337,5.98,263.5,682.5,2402,927,38.16,85.64
30,Baltimore,Maryland,585708,620961,5.68,80.9,209.5,7240,2800,39.3,76.61
31,Milwaukee,Wisconsin,577222,594833,2.96,96.2,249.2,6000,2300,43.06,87.96
32,Albuquerque,New Mexico,564559,545852,3.43,187.3,485.1,3014,1164,35.1,106.64
33,Tucson,Arizona,542629,520116,4.33,241,624.2,2252,870,32.15,110.87
34,Fresno,California,542107,494665,9.59,115.2,298.4,4706,1817,36.78,119.79
35,Sacramento,California,524943,466488,12.53,98.6,255.4,5324,2056,38.56,121.46
36,Kansas City,Missouri,508090,459787,10.51,314.7,815.1,1615,624,39.12,94.55
37,Mesa,Arizona,504258,439041,14.85,138.7,359.2,3636,1404,33.4,111.71
38,Atlanta,Georgia,498715,420003,18.74,135.3,350.4,3686,1423,33.76,84.42
39,Omaha,Nebraska,486051,408958,18.85,133.2,345,3433,1325,41.26,96.04
40,Colorado Springs,Colorado,478961,416427,15.02,195.4,506.1,2451,946,38.86,104.76
41,Raleigh,North Carolina,467665,403892,15.79,145.1,375.8,3179,1227,35.83,78.64
42,Long Beach,California,466742,462257,0.97,50.7,131.3,9206,3554,33.8,118.15
43,Virginia Beach,Virginia,459470,437994,4.9,244.7,633.8,1878,725,36.78,76.02
44,Miami,Florida,442241,399457,10.71,36,93.2,12284,4743,25.77,80.2
45,Oakland,California,440646,390724,12.78,55.9,144.8,7883,3044,37.76,122.22
46,Minneapolis,Minnesota,429954,382578,12.38,54,139.9,7962,3074,44.96,93.26
47,Tulsa,Oklahoma,413066,391906,5.4,197.5,511.5,2091,807,36.12,95.9
48,Bakersfield,California,403455,347483,16.11,149.8,388,2693,1040,35.32,119.01
49,Wichita,Kansas,397532,382368,3.97,162,419.6,2454,947,37.69,97.34
50,Arlington,Texas,394266,365438,7.89,95.9,248.4,4111,1587,32.7,97.12
51,Aurora,Colorado,386261,325078,18.82,160.1,414.7,2413,932,39.68,104.68
52,Tampa,Florida,384959,335709,14.67,114,295.3,3377,1304,27.97,82.47
53,New Orleans,Louisiana,383997,343829,11.68,169.5,439,2265,875,30.05,89.93
54,Cleveland,Ohio,372624,396815,6.1,77.7,201.2,4796,1852,41.47,81.67
55,Honolulu,Hawaii,350964,337256,4.06,60.5,156.7,5801,2240,21.32,157.84
56,Anaheim,California,346824,336265,3.14,50.3,130.3,6895,2662,33.85,117.76
57,Lexington,Kentucky,322570,295803,9.05,283.6,734.5,1137,439,38.04,84.45
58,Stockton,California,320804,291707,9.97,62.2,161.1,5158,1992,37.97,121.31
59,Corpus Christi,Texas,317863,305215,4.14,162.2,420.1,1960,760,27.75,97.17
60,Henderson,Nevada,317610,257729,23.23,106.2,275.1,2991,1155,36,115.03
61,Riverside,California,314998,303871,3.66,81.2,210.3,3879,1498,33.93,117.39
62,Newark,New Jersey,311549,277140,12.42,24.1,62.4,12927,4991,40.72,74.17
63,Saint Paul,Minnesota,311527,285068,9.28,52,134.7,5991,2313,44.94,93.1
64,Santa Ana,California,310227,324528,4.41,27.3,70.7,11364,4388,33.73,117.88
65,Cincinnati,Ohio,309317,296943,4.17,77.8,201.5,3976,1535,39.14,84.5
66,Irvine,California,307670,212375,44.87,65.6,169.9,4690,1810,33.67,117.77
67,Orlando,Florida,307573,238300,29.07,110.6,286.5,2781,1074,28.41,81.27
68,Pittsburgh,Pennsylvania,302971,305704,0.89,55.4,143.5,5469,2112,40.43,79.97
69,St. Louis,Missouri,301578,319294,5.55,61.7,159.8,4888,1887,38.63,90.24
70,Greensboro,North Carolina,299035,269666,10.89,129.6,335.7,2307,891,36.09,79.82
71,Jersey City,New Jersey,292449,247597,18.11,14.7,38.1,19894,7681,40.71,74.06
72,Anchorage,Alaska,291247,291826,0.2,1706.8,4420.6,171,66,61.17,149.28
73,Lincoln,Nebraska,291082,258379,12.66,97.7,253,2979,1150,40.81,96.68
74,Plano,Texas,285494,259841,9.87,71.7,185.7,3982,1537,33.05,96.74
75,Durham,North Carolina,283506,228330,24.17,112.8,292.2,2513,970,35.98,78.9
76,Buffalo,New York,278349,261310,6.52,40.4,104.6,6890,2660,42.89,78.85
77,Chandler,Arizona,275987,236123,16.88,65.3,169.1,4226,1632,33.28,111.85
78,Chula Vista,California,275487,243916,12.94,49.6,128.5,5554,2144,32.62,117.01
79,Toledo,Ohio,270871,287208,5.69,80.5,208.5,3365,1299,41.66,83.58
80,Madison,Wisconsin,269840,233209,15.71,79.6,206.2,3390,1310,43.08,89.42
81,Gilbert,Arizona,267918,208453,28.53,68.6,177.7,3906,1508,33.31,111.74
82,Reno,Nevada,264165,225221,17.29,108.8,281.8,2428,937,39.54,119.84
83,Fort Wayne,Indiana,263886,253691,4.02,110.7,286.7,2384,920,41.08,85.14
84,North Las Vegas,Nevada,262527,216961,21,101.3,262.4,2592,1001,36.28,115.09
85,St. Petersburg,Florida,258308,244769,5.53,61.8,160.1,4180,1610,27.76,82.64
86,Lubbock,Texas,257141,229573,12.01,134.6,348.6,1910,740,33.56,101.88
87,Irving,Texas,256684,216290,18.68,67,173.5,3831,1479,32.85,96.97
88,Laredo,Texas,255205,236091,8.1,106.5,275.8,2396,925,27.56,99.48
89,Winston-Salem,North Carolina,249545,229617,8.68,132.7,343.7,1881,726,36.1,80.26
90,Chesapeake,Virginia,249422,222209,12.25,338.5,876.7,737,285,36.67,76.3
91,Glendale,Arizona,248325,226721,9.53,61.6,159.5,4031,1556,33.53,112.18
92,Garland,Texas,246018,226876,8.44,57.1,147.9,4309,1664,32.9,96.63
93,Scottsdale,Arizona,241361,217385,11.03,184,476.6,1312,507,33.68,111.86
94,Norfolk,Virginia,238005,242803,1.98,53.3,138,4465,1724,36.92,76.24
95,Boise,Idaho,235684,205671,14.59,84,217.6,2806,1083,43.6,116.23
96,Fremont,California,230504,214089,7.67,78.3,202.8,2944,1137,37.49,121.94
97,Spokane,Washington,228989,208916,9.61,68.8,178.2,3328,1285,47.66,117.43
98,Santa Clarita,California,228673,176320,29.69,70.8,183.4,3230,1250,34.4,118.5
99,Baton Rouge,Louisiana,227470,229493,0.88,86.3,223.5,2636,1018,30.44,91.13
100,Richmond,Virginia,226610,204214,10.97,59.9,155.1,3783,1461,37.53,77.47
101,Hialeah,Florida,223109,224669,0.69,21.6,55.9,10329,3988,25.86,80.3
102,San Bernardino,California,222101,209924,5.8,62.1,160.8,3577,1381,34.14,117.29
103,Tacoma,Washington,219346,198397,10.56,49.7,128.7,4413,1704,47.25,122.45
104,Modesto,California,218464,201165,8.6,43,111.4,5081,1962,37.63,121
105,Huntsville,Alabama,215006,180105,19.38,218.1,564.9,986,381,34.69,86.67
106,Des Moines,Iowa,214133,203433,5.26,88.2,228.4,2428,937,41.57,93.61
107,Yonkers,New York,211569,195976,7.96,18,46.6,11754,4538,40.94,73.86
108,Rochester,New York,211328,210565,0.36,35.8,92.7,5903,2279,43.16,77.61
109,Moreno Valley,California,208634,193365,7.9,51.3,132.9,4067,1570,33.92,117.2
110,Fayetteville,North Carolina,208501,200564,3.96,148.3,384.1,1406,543,35.08,78.97
111,Fontana,California,208393,196069,6.29,43.1,111.6,4835,1867,34.1,117.46
112,Columbus,Georgia,206922,189885,8.97,216.5,560.7,956,369,32.51,84.87
113,Worcester,Massachusetts,206518,181045,14.07,37.4,96.9,5522,2132,42.26,71.8
114,Port St. Lucie,Florida,204851,164603,24.45,119.2,308.7,1719,664,27.28,80.38
115,Little Rock,Arkansas,202591,193524,4.69,120,310.8,1688,652,34.72,92.35
116,Augusta,Georgia,202081,195844,3.18,302.3,783,668,258,33.36,82.07
117,Oxnard,California,202063,197899,2.1,26.5,68.6,7625,2944,34.2,119.2
118,Birmingham,Alabama,200733,212237,5.42,147,380.7,1366,527,33.52,86.79
119,Montgomery,Alabama,200603,205764,2.51,159.9,414.1,1255,485,32.34,86.26
120,Frisco,Texas,200509,116989,71.39,68.6,177.7,2923,1129,33.15,96.82
121,Amarillo,Texas,200393,190695,5.09,102.3,265,1959,756,35.19,101.83
122,Salt Lake City,Utah,199723,186440,7.12,110.3,285.7,1811,699,40.77,111.93
123,Grand Rapids,Michigan,198917,188040,5.78,44.8,116,4440,1710,42.96,85.65
124,Huntington Beach,California,198711,189992,4.59,27,69.9,7360,2840,33.69,118
125,Overland Park,Kansas,197238,173372,13.77,75.2,194.8,2623,1013,38.88,94.69
126,Glendale,California,196543,191719,2.52,30.5,79,6444,2488,34.18,118.24
127,Tallahassee,Florida,196169,181376,8.16,100.9,261.3,1944,751,30.45,84.25
128,Grand Prairie,Texas,196100,175396,11.8,72.6,188,2701,1043,32.68,97.02
129,McKinney,Texas,195308,131117,48.96,67,173.5,2915,1125,33.19,96.66
130,Cape Coral,Florida,194016,154305,25.74,106,274.5,1830,710,26.64,81.99
131,Sioux Falls,South Dakota,192517,153888,25.1,79.1,204.9,2434,940,43.53,96.73
132,Peoria,Arizona,190985,154065,23.96,176.1,456.1,1085,419,33.78,112.3
133,Providence,Rhode Island,190934,178042,7.24,18.4,47.7,10377,4007,41.82,71.41
134,Vancouver,Washington,190915,161791,18,48.7,126.1,3920,1510,45.63,122.59
135,Knoxville,Tennessee,190740,178874,6.63,98.7,255.6,1933,746,35.97,83.94
136,Akron,Ohio,190469,199110,4.34,61.9,160.3,3077,1188,41.08,81.52
137,Shreveport,Louisiana,187593,199311,5.88,107.8,279.2,1740,670,32.46,93.79
138,Mobile,Alabama,187041,195111,4.14,139.5,361.3,1341,518,30.66,88.1
139,Brownsville,Texas,186738,175023,6.69,131.5,340.6,1420,550,25.99,97.45
140,Newport News,Virginia,186247,180719,3.06,69,178.7,2699,1042,37.07,76.52
141,Fort Lauderdale,Florida,182760,165521,10.41,34.6,89.6,5282,2039,26.14,80.14
142,Chattanooga,Tennessee,181099,167674,8.01,142.4,368.8,1272,491,35.06,85.24
143,Tempe,Arizona,180587,161719,11.67,39.9,103.3,4526,1747,33.38,111.93
144,Aurora,Illinois,180542,197899,8.77,45,116.5,4012,1549,41.76,88.29
145,Santa Rosa,California,178127,167815,6.14,42.5,110.1,4191,1618,38.44,122.7
146,Eugene,Oregon,176654,156185,13.11,44.2,114.5,3997,1543,44.05,123.11
147,Elk Grove,California,176124,153015,15.1,42,108.8,4193,1619,38.41,121.38
148,Salem,Oregon,175535,154637,13.51,48.8,126.4,3597,1389,44.92,123.02
149,Ontario,California,175265,163924,6.92,50,129.5,3505,1353,34.03,117.6
150,Cary,North Carolina,174721,135234,29.2,59.2,153.3,2951,1139,35.78,78.81
151,Rancho Cucamonga,California,174453,165269,5.56,40.1,103.9,4350,1680,34.12,117.56
152,Oceanside,California,174068,167086,4.18,41.3,107,4215,1627,33.22,117.3
153,Lancaster,California,173516,156633,10.78,94.3,244.2,1840,710,34.69,118.17
154,Garden Grove,California,171949,170883,0.62,18,46.6,9553,3688,33.77,117.96
155,Pembroke Pines,Florida,171178,154019,11.14,32.7,84.7,5235,2021,26.02,80.34
156,Fort Collins,Colorado,169810,143986,17.94,57.2,148.1,2969,1146,40.54,105.06
157,Palmdale,California,169450,152750,10.93,106.1,274.8,1597,617,34.59,118.1
158,Springfield,Missouri,169176,159498,6.07,82.4,213.4,2053,793,37.19,93.29
159,Clarksville,Tennessee,166722,132929,25.42,99.4,257.4,1677,647,36.56,87.34
160,Salinas,California,163542,150441,8.71,23.5,60.9,6959,2687,36.69,121.63
161,Hayward,California,162954,144186,13.02,45.8,118.6,3558,1374,37.62,122.1
162,Paterson,New Jersey,159732,146199,9.26,8.4,21.8,19016,7342,40.91,74.16
163,Alexandria,Virginia,159467,139966,13.93,14.9,38.6,10702,4132,38.82,77.08
164,Macon,Georgia,157346,91351,72.24,249.4,645.9,631,244,32.8,83.69
165,Corona,California,157136,152374,3.13,39.9,103.3,3938,1520,33.86,117.56
166,Kansas City,Kansas,156607,145786,7.42,124.7,323,1256,485,39.12,94.74
167,Lakewood,Colorado,155984,142980,9.09,43.5,112.7,3586,1385,39.69,105.11
168,Springfield,Massachusetts,155929,153060,1.87,31.9,82.6,4888,1887,42.11,72.54
169,Sunnyvale,California,155805,140081,11.22,22.1,57.2,7050,2720,37.38,122.02
170,Jackson,Mississippi,153701,173514,11.42,111.7,289.3,1376,531,32.31,90.21
171,Killeen,Texas,153095,127921,19.68,54.8,141.9,2794,1079,31.07,97.73
172,Hollywood,Florida,153067,140768,8.74,27.3,70.7,5607,2165,26.03,80.16
173,Murfreesboro,Tennessee,152769,108755,40.47,62.9,162.9,2429,938,35.85,86.41
174,Pasadena,Texas,151950,149043,1.95,43.7,113.2,3477,1342,29.65,95.15
175,Bellevue,Washington,151854,122363,24.1,33.5,86.8,4533,1750,47.59,122.15
176,Pomona,California,151713,149058,1.78,23,59.6,6596,2547,34.05,117.76
177,Escondido,California,151038,143911,4.95,37.3,96.6,4049,1563,33.13,117.07
178,Joliet,Illinois,150362,147433,1.99,64.5,167.1,2331,900,41.51,88.14
179,Charleston,South Carolina,150227,120083,25.1,114.8,297.3,1309,505,32.81,79.95
180,Mesquite,Texas,150108,139824,7.35,48.5,125.6,3095,1195,32.76,96.58
181,Naperville,Illinois,149540,141853,5.42,39.1,101.3,3825,1477,41.74,88.16
182,Rockford,Illinois,148655,152871,2.76,64.5,167.1,2305,890,42.25,89.06
183,Bridgeport,Connecticut,148654,144229,3.07,16.1,41.7,9233,3565,41.18,73.19
184,Syracuse,New York,148620,145170,2.38,25.1,65,5921,2286,43.04,76.14
185,Savannah,Georgia,147780,136286,8.43,106.8,276.6,1384,534,32,81.15
186,Roseville,California,147773,118788,24.4,44.1,114.2,3351,1294,38.76,121.31
187,Torrance,California,147067,145438,1.12,20.5,53.1,7174,2770,33.83,118.34
188,Fullerton,California,143617,135161,6.26,22.4,58,6411,2475,33.88,117.92
189,Surprise,Arizona,143148,117517,21.81,110.3,285.7,1298,501,33.67,112.45
190,McAllen,Texas,142210,129877,9.5,62.3,161.4,2283,881,26.23,98.24
191,Thornton,Colorado,141867,118772,19.44,35.9,93,3952,1526,39.91,104.94
192,Visalia,California,141384,124442,13.61,37.9,98.2,3730,1440,36.32,119.32
193,Olathe,Kansas,141290,125872,12.25,61.9,160.3,2283,881,38.88,94.81
194,Gainesville,Florida,141085,124354,13.45,63.2,163.7,2232,862,29.67,82.34
195,West Valley City,Utah,140230,129480,8.3,35.8,92.7,3917,1512,40.68,112.01
196,Orange,California,139911,136416,2.56,25.7,66.6,5444,2102,33.78,117.86
197,Denton,Texas,139869,113383,23.36,96.4,249.7,1451,560,33.21,97.14
198,Warren,Michigan,139387,134056,3.98,34.4,89.1,4052,1564,42.49,83.02
199,Pasadena,California,138699,137122,1.15,23,59.6,6030,2330,34.16,118.13
200,Waco,Texas,138486,124805,10.96,88.7,229.7,1561,603,31.56,97.18
201,Cedar Rapids,Iowa,137710,126326,9.01,72.1,186.7,1910,740,41.96,91.67
202,Dayton,Ohio,137644,141527,2.74,55.8,144.5,2467,953,39.77,84.19
203,Elizabeth,New Jersey,137298,124969,9.87,12.3,31.9,11162,4310,40.66,74.19
204,Hampton,Virginia,137148,137436,0.21,51.5,133.4,2663,1028,37.04,76.29
205,Columbia,South Carolina,136632,129272,5.69,136.8,354.3,999,386,34.02,80.89
206,Kent,Washington,136588,92411,47.8,33.8,87.5,4041,1560,47.38,122.21
207,Stamford,Connecticut,135470,122643,10.46,37.6,97.4,3603,1391,41.07,73.54
208,Lakewood,New Jersey,135158,92843,45.58,24.7,64,5472,2113,40.08,74.21
209,Victorville,California,134810,115903,16.31,73.7,190.9,1829,706,34.52,117.35
210,Miramar,Florida,134721,122041,10.39,28.9,74.9,4662,1800,25.97,80.33
211,Coral Springs,Florida,134394,121096,10.98,22.9,59.3,5869,2266,26.27,80.25
212,Sterling Heights,Michigan,134346,129699,3.58,36.4,94.3,3691,1425,42.58,83.03
213,New Haven,Connecticut,134023,129779,3.27,18.7,48.4,7167,2767,41.31,72.92
214,Carrollton,Texas,133434,119097,12.04,36.7,95.1,3636,1404,32.98,96.89
215,Midland,Texas,132524,111147,19.23,75.5,195.5,1755,678,32.02,102.11
216,Norman,Oklahoma,128026,110925,15.42,178.8,463.1,716,276,35.24,97.34
217,Santa Clara,California,127647,116468,9.6,18.3,47.4,6975,2693,37.36,121.96
218,Athens,Georgia,127315,115452,10.28,116.3,301.2,1095,423,33.94,83.37
219,Thousand Oaks,California,126966,126683,0.22,55.3,143.2,2296,886,34.19,118.87
220,Topeka,Kansas,126587,127473,0.7,61.4,159,2062,796,39.03,95.69
221,Simi Valley,California,126356,124237,1.71,41.5,107.5,3045,1176,34.26,118.74
222,Columbia,Missouri,126254,108500,16.36,66.5,172.2,1899,733,38.95,92.32
223,Vallejo,California,126090,115942,8.75,30.4,78.7,4148,1602,38.1,122.26
224,Fargo,North Dakota,125990,105549,19.37,49.8,129,2530,980,46.86,96.82
225,Allentown,Pennsylvania,125845,118032,6.62,17.6,45.6,7150,2760,40.59,75.47
226,Pearland,Texas,125828,91252,37.89,48.7,126.1,2584,998,29.55,95.32
227,Concord,California,125410,122067,2.74,30.6,79.3,4098,1582,37.97,122
228,Abilene,Texas,125182,117063,6.94,106.7,276.4,1173,453,32.45,99.73
229,Arvada,Colorado,124402,106433,16.88,38.9,100.8,3198,1235,39.83,105.15
230,Berkeley,California,124321,112580,10.43,10.4,26.9,11954,4615,37.86,122.29
231,Ann Arbor,Michigan,123851,113934,8.7,28.2,73,4392,1696,42.27,83.73
232,Independence,Missouri,123011,116830,5.29,78,202,1577,609,39.08,94.35
233,Rochester,Minnesota,121395,106769,13.7,55.5,143.7,2187,844,44.01,92.47
234,Lafayette[aa],Louisiana,121374,120623,0.62,55.8,144.5,2175,840,30.2,92.02
235,Hartford,Connecticut,121054,124775,2.98,17.4,45.1,6957,2686,41.76,72.68
236,College Station,Texas,120511,93857,28.4,51.2,132.6,2354,909,30.58,96.29
237,Clovis,California,120124,95631,25.61,25.4,65.8,4729,1826,36.82,119.68
238,Fairfield,California,119881,105321,13.82,41.6,107.7,2882,1113,38.25,122.03
239,Palm Bay,Florida,119760,103190,16.06,86.4,223.8,1386,535,27.98,80.66
240,Richardson,Texas,119469,99223,20.4,28.6,74.1,4177,1613,32.97,96.7
241,Round Rock,Texas,119468,99887,19.6,37.6,97.4,3177,1227,30.52,97.66
242,Cambridge,Massachusetts,118403,105162,12.59,6.4,16.6,18500,7100,42.37,71.11
243,Meridian,Idaho,117635,75092,56.65,35.1,90.9,3351,1294,43.61,116.39
244,West Palm Beach,Florida,117415,99919,17.51,53.8,139.3,2182,842,26.74,80.12
245,Evansville,Indiana,117298,117429,0.11,47.4,122.8,2475,956,37.98,87.53
246,Clearwater,Florida,117292,107685,8.92,26.1,67.6,4494,1735,27.97,82.76
247,Billings,Montana,117116,104170,12.43,44.8,116,2614,1009,45.78,108.54
248,West Jordan,Utah,116961,103712,12.77,32.3,83.7,3621,1398,40.6,112
249,Richmond,California,116448,103701,12.29,30.1,78,3869,1494,37.95,122.36
250,Westminster,Colorado,116317,106114,9.62,31.6,81.8,3681,1421,39.88,105.06
251,Manchester,New Hampshire,115644,109565,5.55,33.1,85.7,3494,1349,42.98,71.44
252,Lowell,Massachusetts,115554,106519,8.48,13.6,35.2,8497,3281,42.63,71.32
253,Wilmington,North Carolina,115451,106476,8.43,51.4,133.1,2246,867,34.2,77.88
254,Antioch,California,115291,102372,12.62,29.2,75.6,3948,1524,37.97,121.79
255,Beaumont,Texas,115282,118296,2.55,82.5,213.7,1397,539,30.08,94.14
256,Provo,Utah,115162,112488,2.38,41.7,108,2762,1066,40.24,111.64
257,North Charleston,South Carolina,114852,97471,17.83,77.6,201,1480,570,32.91,80.06
258,Elgin,Illinois,114797,108188,6.11,38,98.4,3021,1166,42.03,88.32
259,Carlsbad,California,114746,105328,8.94,37.8,97.9,3036,1172,33.12,117.28
260,Odessa,Texas,114428,99940,14.5,51.1,132.3,2239,864,31.88,102.34
261,Waterbury,Connecticut,114403,110366,3.66,28.5,73.8,4014,1550,41.55,73.03
262,Springfield,Illinois,114394,116250,1.6,61.1,158.2,1872,723,39.79,89.64
263,League City,Texas,114392,83560,36.9,51.3,132.9,2230,860,29.49,95.1
264,Downey,California,114355,111772,2.31,12.4,32.1,9222,3561,33.93,118.13
265,Gresham,Oregon,114247,105594,8.19,23.5,60.9,4862,1877,45.5,122.44
266,High Point,North Carolina,114059,104371,9.28,56.4,146.1,2022,781,35.99,79.99
267,Broken Arrow,Oklahoma,113540,98850,14.86,63,163.2,1802,696,36.03,95.78
268,Peoria,Illinois,113150,115007,1.61,48,124.3,2357,910,40.75,89.61
269,Lansing,Michigan,112644,114297,1.45,39.1,101.3,2881,1112,42.71,84.55
270,Lakeland,Florida,112641,97422,15.62,66.2,171.5,1702,657,28.05,81.95
271,Pompano Beach,Florida,112046,99845,12.22,24,62.2,4669,1803,26.24,80.13
272,Costa Mesa,California,111918,109960,1.78,15.8,40.9,7083,2735,33.66,117.91
273,Pueblo,Colorado,111876,106595,4.95,55.4,143.5,2019,780,38.26,104.61
274,Lewisville,Texas,111822,95290,17.35,37,95.8,3022,1167,33.04,96.98
275,Miami Gardens,Florida,111640,107167,4.17,18.2,47.1,6134,2368,25.94,80.24
276,Las Cruces,New Mexico,111385,97618,14.1,76.9,199.2,1448,559,32.32,106.78
277,Sugar Land,Texas,111026,78817,40.87,40.5,104.9,2741,1058,29.59,95.61
278,Murrieta,California,110949,103466,7.23,33.6,87,3302,1275,33.57,117.19
279,Ventura[ab],California,110763,106433,4.07,21.9,56.7,5058,1953,34.26,119.25
280,Everett,Washington,110629,103019,7.39,33.2,86,3332,1286,47.95,122.19
281,Temecula,California,110003,100097,9.9,37.3,96.6,2949,1139,33.49,117.13
282,Dearborn,Michigan,109976,98153,12.05,24.2,62.7,4544,1754,42.31,83.21
283,Santa Maria,California,109707,99553,10.2,22.8,59.1,4812,1858,34.93,120.44
284,West Covina,California,109501,106098,3.21,16,41.4,6844,2642,34.05,117.9
285,El Monte,California,109450,113475,3.55,9.6,24.9,11401,4402,34.07,118.02
286,Greeley,Colorado,108795,92889,17.12,48.9,126.7,2225,859,40.41,104.76
287,Sparks,Nevada,108445,90264,20.14,36.4,94.3,2979,1150,39.55,119.73
288,Centennial,Colorado,108418,100377,8.01,29.7,76.9,3650,1410,39.59,104.86
289,Boulder,Colorado,108250,97385,11.16,26.3,68.1,4116,1589,40.02,105.25
290,Sandy Springs,Georgia,108080,93853,15.16,37.7,97.6,2867,1107,33.93,84.36
291,Inglewood,California,107762,109673,1.74,9.1,23.6,11842,4572,33.95,118.34
292,Edison,New Jersey,107588,99967,7.62,30.1,78,3574,1380,40.52,74.41
293,South Fulton,Georgia,107436,,,85.2,220.7,1261,487,33.59,84.67
294,Green Bay,Wisconsin,107395,104057,3.21,45.5,117.8,2360,910,44.52,87.98
295,Burbank,California,107337,103340,3.87,17.3,44.8,6204,2395,34.19,118.32
296,Renton,Washington,106785,90927,17.44,23.5,60.9,4544,1754,47.47,122.19
297,Hillsboro,Oregon,106447,91611,16.19,25.7,66.6,4142,1599,45.52,122.93
298,El Cajon,California,106215,99478,6.77,14.5,37.6,7325,2828,32.8,116.96
299,Tyler,Texas,105995,96900,9.39,57.5,148.9,1843,712,32.31,95.3
300,Davie[ad],Florida,105691,91992,14.89,34.9,90.4,3028,1169,26.07,80.28
301,San Mateo,California,105661,97207,8.7,12.1,31.3,8732,3371,37.56,122.31
302,Brockton,Massachusetts,105643,93810,12.61,21.3,55.2,4960,1920,42.08,71.02
303,Concord,North Carolina,105240,79066,33.1,63.5,164.5,1657,640,35.4,80.6
304,Jurupa Valley[ae],California,105053,94234,11.48,42.9,111.1,2449,946,34,117.46
305,Daly City,California,104901,101123,3.74,7.6,19.7,13803,5329,37.7,122.46
306,Allen,Texas,104627,84246,24.19,26.4,68.4,3963,1530,33.09,96.66
307,Rio Rancho,New Mexico,104046,87521,18.88,103.4,267.8,1006,388,35.29,106.67
308,Rialto,California,104026,99171,4.9,24.1,62.4,4316,1666,34.11,117.38
309,Woodbridge,New Jersey,103639,99585,4.07,23.3,60.3,4448,1717,40.56,74.28
310,South Bend,Indiana,103453,101168,2.26,42,108.8,2463,951,41.67,86.26
311,Spokane Valley,Washington,102976,89755,14.73,37.7,97.6,2731,1054,47.67,117.23
312,Norwalk,California,102773,105549,2.63,9.7,25.1,10595,4091,33.9,118.08
313,Menifee,California,102527,77519,32.26,46.5,120.4,2205,851,33.69,117.19
314,Vacaville,California,102386,92428,10.77,29.9,77.4,3424,1322,38.35,121.97
315,Wichita Falls,Texas,102316,104553,2.14,72,186.5,1421,549,33.9,98.52
316,Davenport,Iowa,101724,99685,2.05,63.8,165.2,1594,615,41.55,90.6
317,Quincy,Massachusetts,101636,92271,10.15,16.6,43,6123,2364,42.25,71
318,Chico,California,101475,86187,17.74,34.1,88.3,2976,1149,39.74,121.83
319,Lynn,Massachusetts,101253,90329,12.09,10.7,27.7,9463,3654,42.47,70.95
320,Lee's Summit,Missouri,101108,91364,10.67,63.9,165.5,1582,611,38.92,94.37
321,New Bedford,Massachusetts,101079,95072,6.32,20,51.8,5054,1951,41.64,70.93
322,Federal Way,Washington,101030,89306,13.13,22.3,57.8,4530,1750,47.32,122.35
323,Clinton,Michigan,100513,96796,3.84,28.1,72.8,3577,1381,42.59,82.92
324,Edinburg,Texas,100243,77100,30.02,44.7,115.8,2243,866,26.3,98.16
325,Nampa,Idaho,100200,81557,22.86,33.5,86.8,2991,1155,43.57,116.56
326,Roanoke,Virginia,100011,97032,3.07,42.5,110.1,2353,908,37.27,79.93
